Blog Title ,WEEK ,Primary Keyword,Secondary Keywords,Writer,Blog  Doc,Blog Link ,Published Date,Topic Approval,Blog Status,Internal Approval
"The Ultimate Guide to Gold Eagle: History, Value, and Investment Insights",,"""gold eagle""",,Suhani,"The Ultimate Guide to Gold Eagle: History, Value, and Investment Insights",https://www.pacificpreciousmetals.com/blog/american-gold-eagle-coins,18/02/25,,Published,
Should I Buy Gold in 2025?,,"""buy gold now""","buy platinum, platinum bullion, platinum bars for sale",Kritika,Should I Buy Gold in 2025,https://www.pacificpreciousmetals.com/blog/buy-gold-2025,4/3/25,,Published,
"Gold Bar Price: A Guide to Trends, Analysis, and Investment Strategies",,"""gold bar price""","sell gold, precious metals Fremont",Harsh,"Gold Bar Price: A Guide to Trends, Analysis, and Investment Strategies",https://www.pacificpreciousmetals.com/blog/gold-bar-price-trends,19/2/25,,Published,
How to Track Gold Price Movements: A Beginner’s Guide,,"""gold price""","buy palladium, palladium bars for sale, palladium price forecast",Pragya,How to Track Gold Price Movements: A Beginner’s Guide,https://www.pacificpreciousmetals.com/blog/how-to-track-gold-prices,20/2/25,,Published,
Best Gold Prices Online: Tips for Smart Gold Buying,,"""best gold prices online "" ","buy gold bars online, silver coins investment, precious metals portfolio",Mithali,Best Gold Prices Online: Tips for Smart Gold Buying,https://www.pacificpreciousmetals.com/blog/best-gold-prices-online,17/02/25,,Published,
Should I Buy Silver in 2025?,,"""silver price today"" ","cash for gold, sell gold coins, sell gold jewelry",Harsh,Should I Buy Silver in 2025,https://www.pacificpreciousmetals.com/blog/buy-silver-2025,06/03/25,,Published,
"Understanding the Spot Price of Silver: A Market Overview





",,"silver spot price"" ","cheap silver coins, discount gold bars, gold bullion deals",Suhani,Understanding the Spot Price of Silver: A Market Overview,https://www.pacificpreciousmetals.com/blog/silver-spot-price,05/03/25,,Published,
How to Calculate the Silver Price Per Ounce?,,"""silver price per ounce""","10 oz silver bar, 1 oz gold bar price, buy gold bars online",Pragya,How to Calculate the Silver Price Per Ounce,https://www.pacificpreciousmetals.com/blog/calculate-silver-price,07/03/25,,Published,
"Top Tips for Selling Silver Near You: Maximize Your Returns Locally





",,"""sell silver near me"" ",compare gold prices,Harsh,Top Tips for Selling Silver Near You: Maximize Your Returns Locally,https://www.pacificpreciousmetals.com/blog/selling-silver-locally-tips,08/03/25,,Published,
What scrap metal is worth the most right now?,,scrap metals,"buy silver online, how to buy gold, gold buying guide",Harsh,What scrap metal is worth the most right now?,https://www.pacificpreciousmetals.com/blog/scrap-metals-worth,10/03/25,,Published,
How to Evaluate the Value of Your Scrap Gold,,scrap gold,"best place to sell scrap gold near me, scrap gold prices 2025, how to determine the value of scrap gold",Suhani,How to Evaluate the Value of Your Scrap Gold,https://www.pacificpreciousmetals.com/blog/scrap-gold-value,11/03/25,,Published,
Top 5 Reasons to Sell Scrap Metal with Pacific Precious Metals,,sell scrap metal,"scrap metal buyers, junk metal recycling",Kritika,Top 5 Reasons to Sell Scrap Metal with Pacific Precious Metals,https://www.pacificpreciousmetals.com/blog/5-reasons-to-sell-scrap,12/03/25,,Published,
Scrap Silver Prices Today: Is Now the Right Time to Sell?,,scrap silver price,"current scrap silver prices, current price of scrap sterling silver, ",Pragya,Scrap Silver Prices Today: Is Now the Right Time to Sell,https://www.pacificpreciousmetals.com/blog/scrap-silver-prices-today,13/03/25,,Published,
Understanding Platinum Scrap Prices: A Simple Guide,,platinum scrap,"platinum scrap price, sell platinum scrap",Suhani,Understanding Platinum Scrap Prices: A Simple Guide,https://www.pacificpreciousmetals.com/blog/platinum-scrap-prices,14/03/25,,Published,
"Rare Coins: A Collector’s Guide to Investing





",,"""rare coins"" ","""investing in rare coins"", ""rare coin investment guide"", ""collectible rare coins""
",Harsh,Rare Coins: A Collector’s Guide to Investing,https://www.pacificpreciousmetals.com/blog/rare-coins,20/03/25,,Published,
"How to Curate a Winning Collection of Collectible Coins?





",,"""collectible coins"" ","""collectible coin collection tips"", ""coin collecting guide"", ""best collectible coins""
",Suhani,How to Curate a Winning Collection of Collectible Coins,https://www.pacificpreciousmetals.com/blog/collectible-coins,21/03/25,,Published,
Local Treasures: A Guide to Rare Coin Dealers Near Me,,"""Rare Coin Dealers Near Me"" ","""rare coin dealers near me"", ""find rare coin dealers"", ""local coin shops""
",Harsh,Local Treasures: A Guide to Rare Coin Dealers Near Me,https://www.pacificpreciousmetals.com/blog/rare-coin-dealers,22/03/25,,Published,
"The Collector’s Guide to Selling Antique Coins: Tips for Maximum Profit






",,"""sell antique coins""","""sell antique coins"", ""antique coin selling tips"", ""antique coin appraisal""
",Suhani,The Collector’s Guide to Selling Antique Coins: Tips for Maximum Profit,https://www.pacificpreciousmetals.com/blog/sell-antique-coins,24/03/25,,Published,
"How to Start Your Antique Collection: A Beginner’s Guide




",,"""antiques"" ","""starting an antique collection"", ""antique collecting tips"", ""beginner antique collecting""
",Pragya,How to Start Your Antique Collection: A Beginner’s Guide,https://www.pacificpreciousmetals.com/blog/start-antique-collection,25/03/25,,Published,
What is a Krugerrand? A Complete Guide for Collectors,,krugerrand ,"""krugerrand history"", ""buy krugerrand"", ""krugerrand value""
",Harsh,What is a Krugerrand,https://www.pacificpreciousmetals.com/blog/krugerrand,26/03/25,,Published,
10 Facts about the Krugerrand coin You Didn't Know,,krugerrand coin,"""krugerrand coin facts"", ""krugerrand coin history"", ""krugerrand trivia""






",Harsh,10 Facts about the Krugerrand Coin You Didn't Know,https://www.pacificpreciousmetals.com/blog/top-krugerrand-facts,27/03/25,,Published,
"Morgan Dollars 101: Stories Behind These Timeless Coins
",,"""morgan dollars""","""morgan dollar history"", ""collecting morgan dollars"", ""morgan dollar value""
",Harsh,Morgan Dollars 101: Stories Behind These Timeless Coins ,https://www.pacificpreciousmetals.com/blog/morgan-dollars-101,29/03/25,,Published,
1921 Morgan Silver Dollar: Your Ultimate Guide,,"""1921 morgan silver dollar"" ","""1921 morgan silver dollar value"", ""1921 morgan silver dollar grading"", ""authenticate morgan dollar""
",Suhani,1921 Morgan Silver Dollar: Your Ultimate Guide,https://www.pacificpreciousmetals.com/blog/1921-morgan-silver-dollar,31/03/25,,Published,
Your Guide to Jewellery Appraisals,,"""jewellery appraisals""","""jewelry appraisal process"", ""how to appraise jewelry"", ""professional jewelry appraisal""
",Pragya,Your Guide to Jewelry Appraisals,https://www.pacificpreciousmetals.com/blog/jewelry-appraisals,01/04/25,,Published,
A Beginner’s Guide to Selling Scrap Jewellery,,scrap jewellery,"selling scrap jewellery, broken gold jewellery, scrap gold jewellery",Harsh,A Beginner’s Guide to Selling Scrap Jewellery,https://www.pacificpreciousmetals.com/blog/sell-scrap-jewelry,07/04/25,,Published,
"The Ultimate Guide to Buying Bullion: Gold, Silver, and Platinum Explained",,bullion,"buy gold bullion​, buy silver bullion​, buy platinum bullion​, gold vs silver investment​, how to buy gold and silver​, investing in precious metals",Shrishti,"The Ultimate Guide to Buying Bullion: Gold, Silver, and Platinum Explained",https://www.pacificpreciousmetals.com/blog/buying-bullion-guide,08/04/25,,Published,
Gold vs. Platinum: Which Bullion is the Better Investment in 2025?,,bullion,"gold bullion, platinum bullion, bullion comparison, gold price forecast 2025",Shrishti,Gold vs. Platinum: Which Bullion is the Better Investment in 2025?,https://www.pacificpreciousmetals.com/blog/gold-vs-platinum-bullion,10/04/25,,Published,
The Role of Bullion In The Event of An Economic Crisis,,investment,"silver investment during recession, gold investment, precious metals as hedge against inflation",Shrishti,The Role of Bullion In The Event of An Economic Crisis,https://www.pacificpreciousmetals.com/blog/bullion-in-economic-crisis,11/04/25,,Published,
Top Mistakes to Avoid When Buying Gold Bullion,,gold bullion,"common gold buying mistakes​, gold bullion purchasing errors​, how to buy gold safely​, gold investment pitfalls​, avoiding scams in gold buying",Pragya,Top Mistakes to Avoid When Buying Gold Bullion,https://www.pacificpreciousmetals.com/blog/scrap-gold-silver,12/04/25,,Published,
Hidden Value: Everyday Items That Contain Scrap Gold & Silver,,scrap gold,"broken gold jewellery, scrap gold jewellery, items with scrap gold, items with scrap gold",Harsh,Hidden Value: Everyday Items That Contain Scrap Gold & Silverment,"https://www.pacificpreciousmetals.com/blog/scrap-gold-silver#:~:text=Broken%20chain%2C%20mismatched%20earrings%2C%20and,their%20gold%20or%20silver%20content.",14/04/25,,Published,
Understanding Numismatic vs. Bullion Coins: Which Should You Invest In?,,bullion coins,"numismatic coins vs bullion coins​, investing in rare coins​, bullion coins investment​, numismatic coin value​, bullion vs collectible coins",Harsh,Understanding Numismatic vs. Bullion Coins: Which Should You Invest In?Untitled document,https://www.pacificpreciousmetals.com/blog/numismatic-vs-bullion-coins,23/04/25,,Published,
Should You Buy Gold Bars or Coins? Pros & Cons Explained,,gold bars,"gold bars vs coins investment​, buying gold bars​, buying gold coins​, gold bars vs coins pros and cons​",Harsh,Should You Buy Gold Bars or Coins? Pros & Cons Explained,https://www.pacificpreciousmetals.com/blog/buy-gold-bars-vs-coins,22/04/25,,Published,
Silver Price vs. Gold Price: Understanding the Gold-to-Silver Ratio,,gold to silver ratio,"gold to silver ratio explained​, current gold silver ratio​, gold vs silver price chart​, investing based on gold silver ratio​, historical gold silver ratio data",Harsh,Silver Price vs. Gold Price: Understanding the Gold-to-Silver Ratio,https://www.pacificpreciousmetals.com/blog/gold-silver-price-ratio,24/04/25,,Published,
Why Platinum Bullion Prices Are More Volatile Than Gold & Silver,,platinum bullion,"platinum price volatility reasons​, platinum vs gold price fluctuations​, factors causing platinum price swings​, platinum market volatility​, why is platinum more volatile than gold",Harsh,Why Platinum Bullion Prices Are More Volatile Than Gold & Silver,,,,Published,
6 Reasons Why Gold is Still Considered a Safe-Haven Asset,,gold investment,"buying gold, invest in precious metals, ",Harsh,Why Gold is Still Considered a Safe-Haven Asset in Today’s Market,https://www.pacificpreciousmetals.com/blog/is-gold-still-safe-asset,28/04/25,,Published,
Why Silver May Be a Stronger Investment Than Gold in 2025,,silver investment,"buying gold and silver, gold vs silver",Zeenat,Why Silver May Be a Stronger Investment Than Gold in 2025,https://www.pacificpreciousmetals.com/blog/silver-vs-gold-investment-2025,30/04/25,,Published,
How to Store and Protect Your Rare Coin Collection,,rare coins,"rare coin collection, rare and collectible coins, storing coins",Harsh,How to Store and Protect Your Rare Coin Collection,https://www.pacificpreciousmetals.com/blog/rare-coin-storage-guide,02/05/25,,Published,
Top Mistakes New Coin Collectors Make (And How to Avoid Them),,collectable coins,"coin collection mistakes, rare coin collection",Meenakshi,Top Mistakes New Coin Collectors Make (And How to Avoid Them),https://www.pacificpreciousmetals.com/blog/top-coin-collector-mistakes,06/05/2025,,Published,
Understanding the Grade of a Coin: How It Affects Value,,rare coins,"grade of coins, rare coins value",Harsh,Understanding the Grade of a Coin: How It Affects Value,https://www.pacificpreciousmetals.com/blog/rare-coins-grade-value,07/05/2025,,Published,
Why Scrap Metals Are in High Demand: A Global Perspective,,scrap metals,"scrap metals value, scrap metals demand",Zeenat,Why Scrap Metals Are in High Demand: A Global Perspective,https://www.pacificpreciousmetals.com/blog/global-scrap-metal-demand,09/05/2025,,Published,
Top 10 Most Valuable Coins Ever Sold at Auction,,valuable coins,"collectible coins, coins auction",Harsh,Top 10 Most Valuable Coins Ever Sold at Auction,https://www.pacificpreciousmetals.com/blog/top-10-rare-coins,12/05/2025,,Published,
Is It Legal to Own Gold in Any Amount? What You Need to Know,,gold ownership laws,"how much gold can i legally own, how much gold can keep at home legally",Harsh,Is It Legal to Own Gold in Any Amount? What You Need to Know,https://www.pacificpreciousmetals.com/blog/how-much-gold-can-you-own,14/05/2025,,Published,
Palladium vs. Platinum: Which Metal Has More Investment Potential?,,platinum investment,palladium vs platinum,Harsh,Palladium vs. Platinum: Which Metal Has More Investment Potential?,https://www.pacificpreciousmetals.com/blog/palladium-vs-platinum-investment,16/05/2025,,Published,
Gold vs. Real Estate: Which Is the Better Long-Term Investment?,,gold as investment,gold vs real estate,Harsh,Gold vs. Real Estate: Which Is the Better Long-Term Investment?,https://www.pacificpreciousmetals.com/blog/gold-vs-real-estate-investment,19/05/2025,,Published,
Why Auto Industry Trends Are Driving Platinum and Palladium Prices,,platinum trends,auto industry trends,Harsh,Why Auto Industry Trends Are Driving Platinum and Palladium Prices,https://www.pacificpreciousmetals.com/blog/auto-trends-platinum-palladium,21/05/2025,,Published,
How to Set Up a Precious Metals IRA for Retirement,,precious metals ira,"gold ira, ira gold investment",Harsh,How to Set Up a Precious Metals IRA for Retirement,https://www.pacificpreciousmetals.com/blog/how-to-start-gold-ira,23/05/2025,,Published,
How to Insure Your Precious Metals: What Investors Need to Know,,gold insurance,precious metals insurance,Harsh,How to Insure Your Precious Metals: What Investors Need to Know,https://www.pacificpreciousmetals.com/blog/insure-precious-metals,28/05/2025,,Published,
Does Your Gold Dealer Offer Secure Storage? What to Look For,,gold storage,gold dealer,Harsh,Does Your Gold Dealer Offer Secure Storage? What to Look For,https://www.pacificpreciousmetals.com/blog/gold-secure-storage,30/05/2025,,Published,
Why Precious Metals Are a Smart Move in a Post-Dollar World,,precious metals,investing in precious metals,Harsh,Why Precious Metals Are a Smart Move in a Post-Dollar World,https://www.pacificpreciousmetals.com/blog/why-invest-in-precious-metals,02/06/2025,,Published,
How to Read a Bullion Product Listing: Terms Every Investor Should Know,,bullion,bullion terms,Harsh,How to Read a Bullion Product Listing: Terms Every Investor Should Know,https://www.pacificpreciousmetals.com/blog/bullion-product-listing-guide,04/06/2025,,Published,
Gold for Gifting: Why Bullion Makes the Perfect Holiday or Wedding Present,,gifting gold,gold bullion,Harsh,Gold for Gifting: Why Bullion Makes the Perfect Holiday or Wedding Present,https://www.pacificpreciousmetals.com/blog/why-give-gold-bullion-gift,06/06/2025,,Published,
What to Expect When You Visit a Pacific Precious Metals Location,,pacific precious metals,"sell gold, sell silver, gold dealer",Harsh,What to Expect When You Visit a Pacific Precious Metals Location,https://www.pacificpreciousmetals.com/blog/visit-pacific-precious-metals,09/06/2025,,Published,
What is a Mint Mark? How It Affects Gold and Silver Coin Values,,mint mark,"minted gold, minted silver",Harsh,What is a Mint Mark? How It Affects Gold and Silver Coin Values,https://www.pacificpreciousmetals.com/blog/what-is-mint-mark,11/06/2025,,Published,
Private Mints vs. Government Mints: Which Bullion Should You Trust?,,government mint,"private mint, mint mark, bullion mint",Harsh,Private Mints vs. Government Mints: Which Bullion Should You Trust?,https://www.pacificpreciousmetals.com/blog/private-vs-government-mints,13/06/2025,,Published,
How Storage Location Impacts Your Precious Metals Insurance and Resale Value,,precious metals storage,"precious metal insurance, gold storage options",Harsh,How Storage Location Impacts Your Precious Metals Insurance and Resale Value,https://www.pacificpreciousmetals.com/blog/precious-metals-storage-guide,16/06/2025,,Published,
Gold Confiscation: Separating Fact from Fiction for Modern Investors,,1933 gold confiscation,"gold confiscation, can the government take your gold",Harsh,Gold Confiscation: Separating Fact from Fiction for Modern Investors,https://www.pacificpreciousmetals.com/blog/can-government-seize-your-gold,18/06/2025,,Published,
How Central Bank Gold Buying Impacts Private Investors: What You Need to Know,,central banks buying gold,"central bank gold buying, gold price forecast 2025, gold supply and demand",Harsh,How Central Bank Gold Buying Impacts Private Investors: What You Need to Know,https://www.pacificpreciousmetals.com/blog/gold-investing-trends,20/06/2025,,Published,
Gold Premiums Explained: Why Physical Bullion Costs More Than Spot Price,,gold spot price,"buy gold bullion online, gold bullion price",Harsh,Gold Premiums Explained: Why Physical Bullion Costs More Than Spot Price,https://www.pacificpreciousmetals.com/blog/gold-premiums,25/06/2025,,Published,
How Currency Devaluation Impacts Precious Metal Prices Around the World,,precious metals price,currency devaluation,Harsh,How Currency Devaluation Impacts Precious Metal Prices Around the World,https://www.pacificpreciousmetals.com/blog/currency-devaluation-impact,27/06/2025,,Published,
What Does 'Troy Ounce' Mean? Understanding Precious Metal Weight Systems,,troy ounce,"troy ounce vs ounce, troy ounce definition, troy ounce conversion",Harsh,What Does 'Troy Ounce' Mean? Understanding Precious Metal Weight Systems,https://www.pacificpreciousmetals.com/blog/what-is-a-troy-ounce,30/06/2025,,Published,
What’s the Difference Between Hallmark and Purity Stamps on Bullion?,,hallmark,gold hallmark identification,Harsh,What’s the Difference Between Hallmark and Purity Stamps on Bullion?,https://www.pacificpreciousmetals.com/blog/gold-hallmark-vs-purity-stam,02/07/2025,,Published,
5 Myths of Precious Metals Investing Debunked,,gold investment,"common gold investing myths, gold investing, silver investing",Harsh,5 Myths of Precious Metals Investing Debunked,https://www.pacificpreciousmetals.com/blog/gold-silver-investment-myths,04/07/2025,,Published,
How Fed Interest Rate Decisions Impact Precious Metal Prices,,fed interest rate,gold interest rate,Harsh,How Fed Interest Rate Decisions Impact Precious Metal Prices,https://www.pacificpreciousmetals.com/blog/interest-rates-gold-silver,07/07/2025,,Published,
4 Patriotic Coins to Add to Your Collection This Independence Day,,gold bullion,"american bullion, american rare coins, rare coins",Harsh,4 Patriotic Coins to Add to Your Collection This Independence Day,https://www.pacificpreciousmetals.com/blog/top-american-rare-coins,23/06/2025,,Published,
Central Bank Gold Buying Hits Record Highs: What It Signals for Private Investors,,central bank gold,"central bank gold buying, gold investment",Harsh,Central Bank Gold Buying Hits Record Highs: What It Signals for Private Investors,https://www.pacificpreciousmetals.com/blog/central-bank-gold-buying-trends,16/07/2025,,Published,
Top 3 Indicators Seasoned Investors Watch in the Metals Market,,investing in precious metals,gold market trends,Harsh,Top 3 Indicators Seasoned Investors Watch in the Metals Market,https://www.pacificpreciousmetals.com/blog/top-3-precious-metal-market-indicators,18/07/2025,,Published,
What the U.S. Debt Ceiling Debate Means for Your Gold Holdings,,U.S. debt ceiling,"gold holdings, gold investment",Harsh,What the U.S. Debt Ceiling Debate Means for Your Gold Holdings,https://www.pacificpreciousmetals.com/blog/us-debt-ceiling-gold-impact,21/07/2025,,Published,
Platinum’s 2025 Supply Crunch: What Investors Should Know,,platinum spot price,"buy platinum, platinum bullion, platinum bars for sale",Harsh,Platinum’s 2025 Supply Crunch: What Investors Should Know,https://www.pacificpreciousmetals.com/blog/platinum-supply-crunch-2025,23/07/2025,,Published,
Precious Metals Fremont: Local Trends & Investor Tips,,buy gold,"sell gold, precious metals Fremont",Harsh,Precious Metals Fremont: Local Trends & Investor Tips,https://www.pacificpreciousmetals.com/blog/sell-gold-fremont,25/07/2025,,Published,
Palladium & EVs: How Battery Demand Shapes Price Outlook,,palladium spot price,"buy palladium, palladium bars for sale, palladium price forecast",Harsh,Palladium & EVs: How Battery Demand Shapes Price Outlook,https://www.pacificpreciousmetals.com/blog/palladium-price-ev-outlook,28/07/2025,,Published,
Building a Balanced Metals Portfolio: Sample Allocations for Every Risk Level,,gold silver ratio,"buy gold bars online, silver coins investment, precious metals portfolio",Harsh,Building a Balanced Metals Portfolio: Sample Allocations for Every Risk Level,https://www.pacificpreciousmetals.com/blog/build-balanced-metals-portfoilo,11/08/2025,,Published,
Sell Gold Jewelry Palo Alto: Instant Cash & Free XRF Test,,sell gold near me,"cash for gold, sell gold coins, sell gold jewelry",Harsh,Sell Gold Jewelry Palo Alto: Instant Cash & Free XRF Test,https://www.pacificpreciousmetals.com/blog/sell-gold-jewelry-palo-alto,13/08/2025,,Published,
Stacker’s Tinder: Match with the Perfect Bullion Bar,,10 gram gold price,"10 oz silver bar, 1 oz gold bar price, buy gold bars online",Harsh,Bullion Tinder – Swipe Right on Your Ideal Bar Shape & Size,https://www.pacificpreciousmetals.com/blog/choose-right-bullion-bar,15/08/2025,,Published,
Price-Match Guarantee: How We Beat Competitors on Gold Premiums,,cheap gold coins,compare gold prices,Harsh,Price-Match Guarantee: How We Beat Competitors on Gold Premiums,https://www.pacificpreciousmetals.com/blog/lowest-gold-premiums-usa,18/08/2025,,Published,
First-Time Buyers’ Checklist: From Spot Alerts to Final Checkout,,buy gold online,"buy silver online, how to buy gold, gold buying guide",Harsh,First-Time Buyers’ Checklist: From Spot Alerts to Final Checkout,https://www.pacificpreciousmetals.com/blog/how-to-buy-gold-online,20/08/2025,,Published,
https://www.pacificpreciousmetals.com/blog/silver-vs-gold-investment-2025 - Gold vs Silver: Which Precious Metal Is the Better Investment in 2025?,,gold vs silver,"gold vs silver investment, should I invest in gold or silver",Harsh,Gold vs Silver in 2025: Which Precious Metal Should You Bet On,https://www.pacificpreciousmetals.com/blog/silver-vs-gold-investment-2025,22/08/2025,,Published,
https://www.pacificpreciousmetals.com/blog/global-scrap-metal-demand - Scrap Metal Prices & Demand in 2025: What Sellers Should Know,,current scrap metal prices,"metal recycling prices, scrap metals, sell scrap metal",Harsh,Scrap Metal Prices in 2025: What Impacts Rates & Where to Sell for the Best Value,https://www.pacificpreciousmetals.com/blog/global-scrap-metal-demand,25/08/2025,,Published,
https://www.pacificpreciousmetals.com/blog/5-reasons-to-sell-scrap - 5 Smart Reasons to Sell Scrap Gold in 2025 (And How to Get the Best Price),,scrap metals,"sell gold for cash, scrap gold price per gram",Harsh,Scrap Gold in 2025: 5 Smart Reasons to Sell Now (And How to Maximize Your Cash),https://www.pacificpreciousmetals.com/blog/5-reasons-to-sell-scrap,27/08/2025,,Published,
"https://www.pacificpreciousmetals.com/blog/morgan-dollars-101 - Morgan Silver Dollars: History, Value & How to Start Collecting Them",,1921 Morgan silver dollar value,"how much is a Morgan silver dollar worth, rare Morgan dollars",Harsh,1921 Morgan Silver Dollar Value & Collector’s Guide: How Much Is Yours Worth?,https://www.pacificpreciousmetals.com/blog/morgan-dollars-101,29/08/2025,,Published,
https://www.pacificpreciousmetals.com/blog/selling-your-gold-jewelry - How to Sell Gold Jewelry for Cash: Tips to Get the Best Offer,,gold price today,"gold buyers near me, best place to sell gold near me",Harsh,Where to Sell Gold Jewelry for Cash Near You (2025 Guide to Getting the Best Price),https://www.pacificpreciousmetals.com/blog/selling-your-gold-jewelry,01/09/2025,,Published,
https://www.pacificpreciousmetals.com/blog/buying-bullion-guide,,buy bullion,"authentic gold coins, bullion dealers",Harsh,The Complete Guide to Buying Bullion: How to Choose Authentic Gold Coins & Trusted Dealers,https://www.pacificpreciousmetals.com/blog/buying-bullion-guide,12/09/2025,,Published,
https://www.pacificpreciousmetals.com/blog/bullion-product-listing-guide,,bullion coins,"buy gold bullion, bullion exchange",Harsh,Bullion Coins Guide: How to Buy Gold Bullion Safely & Navigate Bullion Exchanges,https://www.pacificpreciousmetals.com/blog/bullion-product-listing-guide,15/09/2025,,Published,
https://www.pacificpreciousmetals.com/blog/numismatic-vs-bullion-coins-investment,,Numismatic coins,"is gold a good investment, is silver a good investment",Harsh,Numismatic Coins vs. Bullion Coins: Which Investment Is Right for You?,https://www.pacificpreciousmetals.com/blog/numismatic-vs-bullion-coins-investment,17/09/2025,,Published,
"⁠1 Gram Gold Bar Playbook: Micro-Stacking, Gifting & When to Trade Up",,1 gram gold bar,gold bar price,Harsh,"⁠1 Gram Gold Bar Playbook: Micro-Stacking, Gifting & When to Trade Up",https://www.pacificpreciousmetals.com/blog/1-gram-gold-bar-guide,19/09/2025,,Published,
"American Eagle Gold Coin Sizes, Spreads & Exit Costs: 1/10 oz to 1 oz",,American eagle gold coin,"gold coin prices, 1 oz gold price",Harsh,"American Eagle Gold Coin Sizes, Spreads & Exit Costs: 1/10 oz to 1 oz",https://www.pacificpreciousmetals.com/blog/american-eagle-gold-coin-guide,22/09/2025,,Published,
"Gold Bar Weight, Decoded: Grams vs Troy Ounces vs Tola/Tael (and How Weight Units Change Premiums)",,gold bar weight,"1 troy ounce silver, 400 troy oz gold bar",Monu ,"Gold Bar Weight, Decoded: Grams vs Troy Ounces vs Tola/Tael (and How Weight Units Change Premiums)",https://www.pacificpreciousmetals.com/blog/gold-bar-weight-guide,24/09/2025,,Published,
⁠Gold Eagle Coin Alloy & Wear: Why 22k Holds Up in the Real World (and What It Means for Resale),,gold alloys,"gold trends precious metals guides, gold eagle price",Harsh,⁠Gold Eagle Coin Alloy & Wear: Why 22k Holds Up in the Real World (and What It Means for Resale),https://www.pacificpreciousmetals.com/blog/gold-eagle-22k-alloy,15/10/2025,,Published,
Best Time to Buy Gold: How Seasonality and Fed Moves Shape the Price of Gold,,buy gold,"precious metals prices, best gold prices online",Harsh,Best Time to Buy Gold: How Seasonality and Fed Moves Shape the Price of Gold,https://www.pacificpreciousmetals.com/blog/best-time-to-buy-gold,17/10/2025,,Published,
"Cash for Gold: What to Bring, How to Get Paid, and Red Flags to Avoid",,sell gold,"reputable gold dealers, precious metal dealers",Harsh,"Cash for Gold: What to Bring, How to Get Paid, and Red Flags to Avoid",https://www.pacificpreciousmetals.com/blog/how-to-sell-gold-safely,20/10/2025,,Published,
Why Some Silver Coins Get ‘Milk Spots’ and What It Means for Resale Value,,silver coins,"reputable silver dealers, silver and coin",Harsh,Why Some Silver Coins Get ‘Milk Spots’ and What It Means for Resale Value,https://www.pacificpreciousmetals.com/blog/why-silver-coins-get-milk-spots,22/10/2025,,Published,
Numismatic vs. Bullion in the Real World: When to Pay for Rarity (and When Not To),,gold bullion,"bullion dealers, gold broker",Nandhini,Numismatic vs. Bullion in the Real World: When to Pay for Rarity (and When Not To),https://www.pacificpreciousmetals.com/blog/numismatic-vs-bullion-guide,24/10/2025,,Published,
When Premiums Spike: Tactics for Buying Physical Metal During Volatile Markets,,precious metal,"precious metals prices, valuable metals",Nandhini,When Premiums Spike: Tactics for Buying Physical Metal During Volatile Markets,https://www.pacificpreciousmetals.com/blog/buying-gold-during-market-volatility,27/10/2025,,Published,
"Krugerrand vs. American Gold Eagle: Spreads, Liquidity, and Exit Costs Explained",,krugerrand,"best price on gold, american gold eagle",Harsh,"Krugerrand vs. American Gold Eagle: Spreads, Liquidity, and Exit Costs Explained",https://www.pacificpreciousmetals.com/blog/krugerrand-vs-american-gold-eagle,29/10/2025,,Published,
How Sales Tax Works on Bullion and Coins in California (and Nearby States),,bullion dealers,"gold bullion dealers, gold coins prices",Harsh,How Sales Tax Works on Bullion and Coins in California (and Nearby States),https://www.pacificpreciousmetals.com/blog/bullion-coin-sales-tax,31/10/2025,,Published,
"Cast vs. Minted Bars: Durability, Resale, and Why It Affects Your Gold Bar Price",,buy gold bars,"gold for sale, buying and selling gold",Harsh,"Cast vs. Minted Bars: Durability, Resale, and Why It Affects Your Gold Bar Price",https://www.pacificpreciousmetals.com/blog/cast-vs-minted-gold-bars,03/11/2025,,Published,
"How to Verify Gold at Home: Magnet Tests, Density Checks, and When to Use XRF",,check gold,"how to test if gold is real, best price on gold",Harsh,"How to Verify Gold at Home: Magnet Tests, Density Checks, and When to Use XRF",https://www.pacificpreciousmetals.com/blog/verify-gold-at-home,05/11/2025,,Published,
Why Gold Bars Don't Weigh the Same: Tolerances from 1 g to 400 oz,,how much does a gold bar weigh,,Diya ,Why Gold Bars Don’t Weigh the Same: Tolerances from 1 g to 400 oz,https://www.pacificpreciousmetals.com/blog/gold-bar-weight,07/11/2025,,Published,
how much does a gold bar weigh in pounds,,gold bar weight,"10 gram gold bar, density of gold",Faiq ,how much does a gold bar weigh in pounds,https://www.pacificpreciousmetals.com/blog/gold-bar-weight-pounds,10/11/2025,,Published,
How to Calculate: How Much is a Gram of Gold Worth?,,how much is a gram of gold,,Harsh ,How to Calculate: How Much is a Gram of Gold Worth,https://www.pacificpreciousmetals.com/blog/calculate-gold-worth-gram,01/12/2025,,Published,
How to Invest in Gold: A Step-by-Step Guide for Beginners,,how to invest in gold,"price of one gram of gold, 1 gram gold price",Harsh ,How to Invest in Gold: A Step-by-Step Guide for Beginners,https://www.pacificpreciousmetals.com/blog/invest-in-gold-guide,03/12/2025,,Published,
The Ultimate Guide to Buying Silver Bullion Online Safely,,buy silver online,"gold investment for beginners, gold investing strategies, is gold a good investment",Harsh ,The Ultimate Guide to Buying Silver Bullion Online Safely,https://www.pacificpreciousmetals.com/blog/buy-silver-bullion-online,05/12/2025,,Published,
What is a Gold IRA Rollover and How Does it Work?,,gold IRA,"best place to buy silver, silver bullion dealers, silver coins for sale",Harsh ,What is a Gold IRA Rollover and How Does it Work,https://www.pacificpreciousmetals.com/blog/gold-ira-rollover-guide,08/12/2025,,Published,
The History and Investment Value of the South African Krugerrand,,krugerrand,"best gold ira companies, gold ira rules, precious metals ira guide, gold ira rollover",Faiq,The History and Investment Value of the South African Krugerrand,https://www.pacificpreciousmetals.com/blog/krugerrand-history-investment-guide,10/12/2025,,Published,
Gold vs. Bitcoin: A Comprehensive Comparison for Modern Investors,,crypto prices,"buy krugerrand, krugerrand gold coin, krugerrand value",Faiq,Gold vs. Bitcoin: A Comprehensive Comparison for Modern Investors,https://www.pacificpreciousmetals.com/blog/gold-vs-bitcoin-comparison,12/12/2025,,Published,
The Ultimate Christmas Gift for Investors: Precious Metals Portfolio Starter Kit,,christmas gifts,"gold vs crypto, bitcoin as digital gold, investing in gold and crypto",Harsh ,The Ultimate Christmas Gift for Investors: Precious Metals Portfolio Starter Kit,https://www.pacificpreciousmetals.com/blog/christmas-gift-precious-metals-starter-kit,22/12/2025,,Published,
Christmas Bonus Investment Guide: How to Turn Holiday Cash Into Gold & Silver,, christmas bonus,"investor christmas gifts, gifts for investors, precious metals gift set, investment gifts christmas",Harsh ,Christmas Bonus Investment Guide: How to Turn Holiday Cash Into Gold & Silver,https://www.pacificpreciousmetals.com/blog/christmas-bonus-investing-gold-silver,23/12/2025,,Published,
"New Year, New Wealth: 2026 Precious Metals Investment Resolutions & Goals",,investment goals,"holiday cash investment, year-end bonus gold, invest christmas money",Harsh ,"New Year, New Wealth: 2026 Precious Metals Investment Resolutions & Goals",https://www.pacificpreciousmetals.com/blog/new-year-2026-precious-metals-investing,26/12/2025,,Published,
Ring in 2026 with Gold: Why January is the Best Month to Start Investing,,best time to buy gold,"2026 investment resolutions, new year precious metals, investment goals 2026",Harsh ,Ring in 2026 with Gold: Why January is the Best Month to Start Investing,pacificpreciousmetals.com/blog/invest-gold-january-2026,29/12/2025,,Published,
The Gold and Silver Ratio: A Practical Guide for Strategic Investors,,gold to silver ratio,"50g gold price, 50 gram gold bar, 50g gold bar",Harsh,Gold and Silver Ratio: How to Use It for Perfect Buy/Sell Timing,https://www.pacificpreciousmetals.com/blog/gold-silver-ratio-guide,12/01/2026,,Published,
50 Gram Gold Bar: Is This the Sweet Spot for First-Time Investors?,,50 gram gold price,"50g gold price, 50 gram gold bar, 50g gold bar",Harsh,50 Gram Gold Bar: Is This the Sweet Spot for First-Time Investors?,https://www.pacificpreciousmetals.com/blog/50-gram-gold-bar-first-time-investors,14/01/2026,,Published,
"Mexican Gold Coin: Value Guide, Authentication & Where to Buy/Sell",,Mexican Gold Coin,"bicentenario de mexico, bicentenario 200 pesos, bicentenario value",Harsh,"Mexican Gold Coin: Value Guide, Authentication & Where to Buy/Sell",https://www.pacificpreciousmetals.com/blog/mexican-gold-coin-value-guide,15/01/2026,,Published,
PAMP Suisse vs Credit Suisse vs Valcambi: Which Swiss Gold Bar Holds Value Best,,swiss gold,"pamp gold price, credit suisse gold bar, valcambi gold",Harsh ,PAMP Suisse vs Credit Suisse vs Valcambi: Which Swiss Gold Bar Holds Value Best,https://www.pacificpreciousmetals.com/blog/swiss-gold-bar-brands,16/01/2026,,Published,
The Best Way to Purchase Gold Bars for Maximum Liquidity,,purchase gold bars,"gold ingot price, goldbar, buy gold bars online",Harsh,The Best Way to Purchase Gold Bars for Maximum Liquidity,https://www.pacificpreciousmetals.com/blog/best-way-to-purchase-gold-bars,26/01/2026,,Published,
The True Value: How Much is a Kilo of Silver Worth?,,how much is a kilo of silver worth,how much is a kilo of silver,Harsh,The True Value: How Much is a Kilo of Silver Worth?,https://www.pacificpreciousmetals.com/blog/how-much-is-a-kilo-of-silver-worth,28/01/2026,,Published,
The Best Way to Buy Silver Coins for Investment,,buy silver coins,"silver coins for sale, best silver coins to invest in, silver coin prices",Harsh,The Best Way to Buy Silver Coins for Investment,https://www.pacificpreciousmetals.com/blog/best-way-to-buy-silver-coins,29/01/2026,,Published,
Valentine's Day Gold Gifts: Why Smart Couples Are Buying Gold Eagles Instead of Jewelry in 2026,,buy gold,"gold eagle
american eagle gold coin
best gold prices online",Harsh,Valentine's Day Gold Gifts: Why Smart Couples Are Buying Gold Eagles Instead of Jewelry in 2026,https://www.pacificpreciousmetals.com/blog/valentines-day-gold-gifts,20/01/2026,,Published,
The Proposal Package: Gold Buffalo Coin Plus The Engagement Ring Tradition Explained,,gold buffalo,"american buffalo gold coin
buy gold
1 oz gold bullion bars",Harsh,The Proposal Package: Gold Buffalo Coin + Engagement Ring Tradition Explained,https://www.pacificpreciousmetals.com/blog/gold-buffalo-coin-engagement-tradition,21/01/2026,,Published,
Understanding the Purity: What is 24K Gold and Why Does it Matter?,,24k gold,"gold purity levels, 9999 fine gold, investment grade gold",Harsh,Understanding the Purity: What is 24K Gold and Why Does it Matter,https://www.pacificpreciousmetals.com/blog/what-is-24k-gold,30/01/2026,,Published,
The History and Collectibility of the American Silver Eagle,,american silver eagle,"buy silver eagle, silver eagle value, american silver coin",Harsh,The History and Collectibility of the American Silver Eagle,https://www.pacificpreciousmetals.com/blog/american-silver-eagle-history-collectibility,11/02/2026,,Published,
Platinum Coins vs Platinum Bars: Which One Holds Value Better for Investors,,platinum investment,"platinum coins, platinum bars, buy platinum",Harsh,Platinum Coins vs Platinum Bars: Which One Holds Value Better for Investors,https://www.pacificpreciousmetals.com/blog/platinum-coins-vs-bars-investment-value,12/02/2026,,Published,
Gold Bars for Sale: Online vs In-Store (True Cost Comparison + Safety Analysis),,gold bars for sale,"buy gold bars, gold bar for sale, where to buy gold bars",Harsh,Gold Bars for Sale: Online vs In-Store (True Cost Comparison + Safety Analysis),https://www.pacificpreciousmetals.com/blog/buying-gold-bars-online-vs-in-store,13/02/2026,,Published,
1 oz Gold Price Today: Live Tracker + Best Times to Buy Based on Market Patterns,,1 oz gold price," 1 oz gold price today, 1oz gold price, gold 1 oz price",Harsh,1 oz Gold Price Today: Live Tracker and Best Times to Buy Based on Market Patterns,https://www.pacificpreciousmetals.com/blog/live-1oz-gold-price-market-tracker,16/02/2026,,Published,
Silver Coin Prices Today: Best Value Coins + Generic vs Premium Analysis,,silver coin prices,"silver coin price today, 1 oz silver coin price",Harsh,Silver Coin Prices Today: Best Value Coins and Generic vs Premium Analysis,https://www.pacificpreciousmetals.com/blog/silver-coin-prices-generic-vs-premium,18/02/2026,,Published,
Why Are Krugerrands Illegal? Debunking the Common Myth + 2025 Legal Status,,krugerrands,"why are krugerrands illegal, are krugerrands legal, krugerrand myths",Harsh,Why Are Krugerrands Illegal? Debunking the Common Myth and 2025 Legal Status,https://www.pacificpreciousmetals.com/blog/krugerrands-legal-status-2026,20/02/2026,,Published,
"https://www.pacificpreciousmetals.com/blog/buy-silver-2025
Should I Buy Silver in 2026? Price Predictions & Where to Buy Bullion",,should I buy silver in 2026 for investment,"where to buy silver bullion in 2026
silver price predictions 2026
how to invest in silver for beginners 2026",Harsh,Should I Buy Silver in 2026,,,,sent ,
"https://www.pacificpreciousmetals.com/blog/gold-ira-rollover-guide
Gold IRA Rollover Step by Step: Rules & Tax-Free Guide",,how does a gold IRA rollover work step by step,"gold IRA rollover rules and requirements
how to roll over 401k into gold IRA
tax-free gold IRA rollover guide",Harsh,Gold IRA Rollover Step by Step: Rules & Tax-Free Guide,,,,sent ,
"https://www.pacificpreciousmetals.com/blog/how-to-start-gold-ira
How to Set Up a Precious Metals IRA for Retirement",,how to set up a precious metals IRA for retirement,"benefits of adding gold to retirement account
gold IRA custodian requirements and setup
can I hold physical gold in my retirement account",Harsh,How to Set Up a Precious Metals IRA for Retirement,,,,sent ,
"https://www.pacificpreciousmetals.com/blog/invest-in-gold-guide
How to Invest in Gold for Beginners Step by Step",,how to invest in gold for beginners step by step,"is gold a good investment for long term wealth
what is the best way to buy gold for investment
physical gold vs gold ETFs which is better
how much gold should I have in my portfolio",Harsh,How to Invest in Gold for Beginners Step by Step (2026 Guide),,,,sent ,
https://www.pacificpreciousmetals.com/blog/buy-gold-2025,,should I buy gold in 2026 for investment,"is now a good time to buy gold 2026
best way to buy gold online safely
gold investment options for beginners 2026
how to buy physical gold without getting scammed",Harsh,Should I Buy Gold in 2026 for Investment?,,,,,
"https://www.pacificpreciousmetals.com/blog/best-gold-prices-online
How to Find the Best Gold Prices Online: A Smart Buyer’s Guide (2026)",,how to find the best gold prices online ,"how to compare gold bullion prices across dealers
tips for buying gold online at the lowest premium
how do I know if a gold dealer is offering fair prices
what hidden fees should I watch for when buying gold online",Harsh,How to Find the Best Gold Prices Online: A Smart Buyer’s Guide (2026),,,,,
https://www.pacificpreciousmetals.com/blog/gold-secure-storage,,safest way to store physical gold,"should I store my gold at home or in a professional vault
what to look for in a gold dealer's storage facility
is home storage of gold bullion a good idea
how does professional gold vault storage protect my investment",Harsh,Safest Way to Store Physical Gold: Home vs Professional Vault (2026 Guide),,,,,
"https://www.pacificpreciousmetals.com/blog/why-buy-gold-8-reasons-why-you-should-invest-in-gold

What Are the Best Reasons to Invest in Gold Bullion? (2026 Investor Guide)",,what are the best reasons to invest in gold bullion,"why is gold considered a safe and reliable long-term investment
how does gold protect your wealth when the stock market falls
is gold a good investment for someone with no financial background
why do so many investors keep gold in their portfolio",Harsh,What Are the Best Reasons to Invest in Gold Bullion? (2026 Investor Guide),,,,,
"https://www.pacificpreciousmetals.com/blog/is-gold-an-inflation-hedge

Is Gold Actually a Reliable Hedge Against Inflation? What History Shows (2026 Guide)",,is gold actually a reliable hedge against inflation,"how well does gold hold its value during periods of high inflation
does gold always go up when inflation rises
what does history say about gold as an inflation hedge
when does gold work as an inflation hedge and when doesn't it",Harsh,Is Gold Actually a Reliable Hedge Against Inflation? What History Shows (2026 Guide),,,,,
,,,,,,,,,,
,,,,,,,,,,
,,,,,,,,,,
,,,,,,,,,,
,,,,,,,,,,
,,,,,,,,,,
,,,,,,,,,,
,,,,,,,,,,
,,,,,,,,,,
,,,,,,,,,,
,,,,,,,,,,
,,,,,,,,,,
,,,,,,,,,,
,,,,,,,,,,
,,,,,,,,,,
,,,,,,,,,,
,,,,,,,,,,
,,,,,,,,,,
,,,,,,,,,,
,,,,,,,,,,
,,,,,,,,,,
,,,,,,,,,,
,,,,,,,,,,
,,,,,,,,,,
,,,,,,,,,,
,,,,,,,,,,
https://www.pacificpreciousmetals.com/blog/gold-secure-storage,,Need more info on this from the brand to talk authoritatively ,,,,,,,,
https://www.pacificpreciousmetals.com/blog/numismatic-vs-bullion-coins,,yes,,,,,,,,
https://www.pacificpreciousmetals.com/blog/black-friday-2020-at-pacific-precious-metals,,Black Friday- need more context to write,,,,,,,,
https://www.pacificpreciousmetals.com/blog/gold-prices-unmoved-by-us-labor-market-data-despite-drop-in-weekly-jobless-claims,,Looks like a then current topic. ,,,,,,,,
https://www.pacificpreciousmetals.com/blog/sell-antique-coins,,"Already extensive, maybe can work on internal linking",,,,,,,,
https://www.pacificpreciousmetals.com/blog/bullion-product-listing-guide,,Already good,,,,,,,,
https://www.pacificpreciousmetals.com/blog/start-antique-collection,,"Already detailed, maybe increase internal links? ",,,,,,,,
,,,,,,,,,,
,,,,,,,,,,
BACKLINK ,,,,,,,,,,
Modern Wealth: How Gen Z Is Redefining What It Means to Invest,,"modern wealth, modern investing trends",,Harsh,Modern Wealth: How Gen Z Is Redefining What It Means to Invest,,,,,
,,,,,,,,,,
,,,,,,,,,,
,,,,,,,,,,
,,,,,,,,,,
,,,,,,,,,,
,,,,,,,,,,
,,,,,,,,,,
Tax Refund Playbook: Smart Ways to Invest Your 2025 Return in Precious Metals,,tax refund,,,,,,,,
Christmas Gold Gifts 2025: Top 10 Precious Metal Presents Under Every Budget,,christmas gifts,,,,,,,,
Silver Christmas Ornaments & Collectible Coins: Unique Tree Decorations That Appreciate,,silver christmas ornaments,,,,,,,,
10 Gram Gold Price Calculator: Real-Time Rates by Karat + Purity Comparison,,10 gram gold price,,,,,,,,
"Where to Buy Gold Bars: 7 Safe Sources Ranked by Price, Speed & Trust",,where to buy gold bars,,,,,,,,